"","Portfolio Manager Property ID","Property GFA - Self-Reported (mÂ²)","Electricity Use - Grid Purchase (kWh)","Primary Property Type - Self Selected","ID","Area","kWh","Property_Type","log_Area"
"1",28032914,1962,"Not Available","Office",28032914,1962,NA,"Office",7.58171964012531
"2",28032915,2395,"610692.1","Police Station",28032915,2395,610692.1,"Police Station",7.78113850984502
"3",28032916,1890,"476138.1","Police Station",28032916,1890,476138.1,"Police Station",7.54433210805369
"4",28032918,2248,"Not Available","Office",28032918,2248,NA,"Office",7.71779621101358
"5",28032930,2170,"413904.1","Police Station",28032930,2170,413904.1,"Police Station",7.68248244653451
"6",28032931,2185,"544079.69999999995","Police Station",28032931,2185,544079.7,"Police Station",7.68937110752969
"7",28032934,40,"9469.2999999999993","Other - Public Services",28032934,40,9469.3,"Other - Public Services",3.68887945411394
"8",28032938,221.4,"Not Available","Other - Public Services",28032938,221.4,NA,"Other - Public Services",5.39997102027454
"9",28032941,250,"Not Available","Other - Public Services",28032941,250,NA,"Other - Public Services",5.52146091786225
"10",28032943,1783.7,"76707.199999999997","Other - Lodging/Residential",28032943,1783.7,76707.2,"Other - Lodging/Residential",7.48644513756426
"11",28032947,815.2,"3104.1","Other - Public Services",28032947,815.2,3104.1,"Other - Public Services",6.70343348190852
"12",28032948,442,"Not Available","Other - Public Services",28032948,442,NA,"Other - Public Services",6.0913098820777
"13",28032950,277,"Not Available","Other - Public Services",28032950,277,NA,"Other - Public Services",5.62401750618734
"14",28032951,836.1,"148038.29999999999","Other - Lodging/Residential",28032951,836.1,148038.3,"Other - Lodging/Residential",6.72874822315601
"15",28032960,313,"Not Available","Other - Public Services",28032960,313,NA,"Other - Public Services",5.74620319054015
"16",28032961,244,"Not Available","Other - Public Services",28032961,244,NA,"Other - Public Services",5.4971682252932
"17",28032969,982,"Not Available","Other - Public Services",28032969,982,NA,"Other - Public Services",6.88959130835447
"18",28032976,339.2,"Not Available","Other - Public Services",28032976,339.2,NA,"Other - Public Services",5.82658990391775
"19",28032980,185.8,"Not Available","Other - Public Services",28032980,185.8,NA,"Other - Public Services",5.22467082637974
"20",28032982,594,"Not Available","Office",28032982,594,NA,"Office",6.38687931936265
"21",28032987,223,"Not Available","Other - Public Services",28032987,223,NA,"Other - Public Services",5.40717177146012
"22",28033005,269.2,"2226.4","Other - Public Services",28033005,269.2,2226.4,"Other - Public Services",5.59545459777057
"23",28033011,1108.3,"30855.7","Other - Public Services",28033011,1108.3,30855.7,"Other - Public Services",7.01058258878161
"24",28033015,1225,"1340244.5","Other - Public Services",28033015,1225,1340244.5,"Other - Public Services",7.11069612297883
"25",28033017,1374,"Not Available","Parking",28033017,1374,NA,"Parking",7.2254814727823
"26",28033027,792.5,"Not Available","Office",28033027,792.5,NA,"Office",6.67519250575144
"27",28033030,123.4,"Not Available","Other - Public Services",28033030,123.4,NA,"Other - Public Services",4.81543111147129
"28",28033038,45,"Not Available","Other - Public Services",28033038,45,NA,"Other - Public Services",3.80666248977032
"29",28033043,696.8,"7592.1","Other - Public Services",28033043,696.8,7592.1,"Other - Public Services",6.54649842553829
"30",28033047,89.4,"Not Available","Other - Public Services",28033047,89.4,NA,"Other - Public Services",4.49312068217947
"31",28033049,347,"4842.6000000000004","Other - Public Services",28033049,347,4842.6,"Other - Public Services",5.84932477994686
"32",28033055,186,"Not Available","Other - Public Services",28033055,186,NA,"Other - Public Services",5.2257466737132
"33",28033057,99.8,"Not Available","Other - Public Services",28033057,99.8,NA,"Other - Public Services",4.60316818331742
"34",28033066,267,"Not Available","Other - Public Services",28033066,267,NA,"Other - Public Services",5.58724865840025
"35",28033070,335,"Not Available","Other - Public Services",28033070,335,NA,"Other - Public Services",5.81413053182507
"36",28033074,934,"124585.4","Office",28033074,934,124585.4,"Office",6.83947643822884
"37",28033083,99,"Not Available","Other - Public Services",28033083,99,NA,"Other - Public Services",4.59511985013459
"38",28033097,136.6,"Not Available","Other - Lodging/Residential",28033097,136.6,NA,"Other - Lodging/Residential",4.91705694713669
"39",28033105,236.7,"Not Available","Other - Public Services",28033105,236.7,NA,"Other - Public Services",5.46679351651994
"40",28033122,151.6,"Not Available","Other - Lodging/Residential",28033122,151.6,NA,"Other - Lodging/Residential",5.02124547320827
"41",28033131,1476,"247738.1","Other - Lodging/Residential",28033131,1476,247738.1,"Other - Lodging/Residential",7.29709100516042
"42",28033136,2424.8,"Not Available","Library",28033136,2424.8,NA,"Library",7.79350432574359
"43",28033141,1922,"344470.3","Heated Swimming Pool",28033141,1922,344470.3,"Heated Swimming Pool",7.56112158953024
"44",28033142,515,"Not Available","Pre-school/Daycare",28033142,515,NA,"Pre-school/Daycare",6.24416690066374
"45",28033149,2339,"Not Available","Other - Public Services",28033149,2339,NA,"Other - Public Services",7.75747876658418
"46",28033151,2389,"Not Available","Other - Public Services",28033151,2389,NA,"Other - Public Services",7.77863014732581
"47",28033156,587.1,"Not Available","Library",28033156,587.1,NA,"Library",6.37519516307014
"48",28033158,698,"Not Available","Social/Meeting Hall",28033158,698,NA,"Social/Meeting Hall",6.54821910276237
"49",28033159,652,"81602.7","Pre-school/Daycare",28033159,652,81602.7,"Pre-school/Daycare",6.48004456192665
"50",28033160,2382,"301337","Ice/Curling Rink",28033160,2382,301337,"Ice/Curling Rink",7.77569574991525
"51",28033161,1930,"Not Available","Heated Swimming Pool",28033161,1930,NA,"Heated Swimming Pool",7.56527528189893
"52",28033162,725.2,"Not Available","Library",28033162,725.2,NA,"Library",6.5864474788807
"53",28033165,1718,"303304.5","Heated Swimming Pool",28033165,1718,303304.5,"Heated Swimming Pool",7.4489161025442
"54",28033168,1837,"170073.1","Social/Meeting Hall",28033168,1837,170073.1,"Social/Meeting Hall",7.51588908521513
"55",28033169,537,"2672256.9","Drinking Water Treatment & Distribution",28033169,537,2672256.9,"Drinking Water Treatment & Distribution",6.28599809450886
"56",28033173,588,"Not Available","Other - Lodging/Residential",28033173,588,NA,"Other - Lodging/Residential",6.37672694789863
"57",28033175,1094.4,"222064.6","Other - Lodging/Residential",28033175,1094.4,222064.6,"Other - Lodging/Residential",6.99796154686829
"58",28033178,1884,"Not Available","Office",28033178,1884,NA,"Office",7.54115245513631
"59",28033185,886,"Not Available","Social/Meeting Hall",28033185,886,NA,"Social/Meeting Hall",6.78671695060508
"60",28033196,588.4,"Not Available","Library",28033196,588.4,NA,"Library",6.37740698872728
"61",28033199,2353,"211783.9","Office",28033199,2353,211783.9,"Office",7.76344638872736
"62",28033200,743.2,"99358.2","Library",28033200,743.2,99358.2,"Library",6.61096518749963
"63",28033202,1342,"137930.1","Heated Swimming Pool",28033202,1342,137930.1,"Heated Swimming Pool",7.20191631753163
"64",28033204,552,"94506.3","Other - Public Services",28033204,552,94506.3,"Other - Public Services",6.3135480462771
"65",28033211,299.5,"Not Available","Other - Lodging/Residential",28033211,299.5,NA,"Other - Lodging/Residential",5.7021144175555
"66",28033215,789.7,"Not Available","Library",28033215,789.7,NA,"Library",6.67165312650354
"67",28033216,133,"5317.4","Social/Meeting Hall",28033216,133,5317.4,"Social/Meeting Hall",4.89034912822175
"68",28033217,516,"Not Available","Other - Public Services",28033217,516,NA,"Other - Public Services",6.24610676548156
"69",28033218,588.1,"37333.1","Other - Public Services",28033218,588.1,37333.1,"Other - Public Services",6.37689700146591
"70",28033221,802,"Not Available","Other - Public Services",28033221,802,NA,"Other - Public Services",6.68710860786651
"71",28033222,901,"445084.3","Other - Public Services",28033222,901,445084.3,"Other - Public Services",6.80350525760834
"72",28033223,705,"Not Available","Other - Public Services",28033223,705,NA,"Other - Public Services",6.55819780281227
"73",28033224,1245,"Not Available","Other - Public Services",28033224,1245,NA,"Other - Public Services",7.12689080889881
"74",28033225,918,"Not Available","Other - Public Services",28033225,918,NA,"Other - Public Services",6.82219739062049
"75",28033226,427,"Not Available","Other - Public Services",28033226,427,NA,"Other - Public Services",6.05678401322862
"76",28033229,429,"Not Available","Other - Public Services",28033229,429,NA,"Other - Public Services",6.06145691892802
"77",28033230,948,"Not Available","Social/Meeting Hall",28033230,948,NA,"Social/Meeting Hall",6.85435450225502
"78",28033231,673,"Not Available","Wastewater Treatment Plant",28033231,673,NA,"Wastewater Treatment Plant",6.51174532964473
"79",28033239,1423,"120820.3","Other - Public Services",28033239,1423,120820.3,"Other - Public Services",7.26052259808985
"80",28033242,1090,"193696.4","Social/Meeting Hall",28033242,1090,193696.4,"Social/Meeting Hall",6.99393297522319
"81",28033245,537.2,"56420.1","Library",28033245,537.2,56420.1,"Library",6.28637046464908
"82",28033247,1916.3,"237818.8","Library",28033247,1916.3,237818.8,"Library",7.55815152247445
"83",28033248,33,"Not Available","Wastewater Treatment Plant",28033248,33,NA,"Wastewater Treatment Plant",3.49650756146648
"84",28033257,1625.8,"243970.8","Library",28033257,1625.8,243970.8,"Library",7.39375528131247
"85",28033263,261,"Not Available","Other - Public Services",28033263,261,NA,"Other - Public Services",5.56452040732269
"86",28033264,991,"349952.8","Other - Recreation",28033264,991,349952.8,"Other - Recreation",6.89871453432999
"87",28033269,1000,"Not Available","Other - Public Services",28033269,1000,NA,"Other - Public Services",6.90775527898214
"88",28033270,737,"78101.5","Library",28033270,737,78101.5,"Library",6.60258789218934
"89",28033279,184,"60197.2","Other - Public Services",28033279,184,60197.2,"Other - Public Services",5.21493575760899
"90",28033280,334,"Not Available","Other - Entertainment/Public Assembly",28033280,334,NA,"Other - Entertainment/Public Assembly",5.8111409929767
"91",28033295,809,"Not Available","Parking",28033295,809,NA,"Parking",6.69579891705849
"92",28033304,1226,"6663.7","Parking",28033304,1226,6663.7,"Parking",7.11151211649616
"93",28033309,1319,"Not Available","Parking",28033309,1319,NA,"Parking",7.18462915271731
"94",28033315,1143,"Not Available","Parking",28033315,1143,NA,"Parking",7.04141166379481
"95",28033318,1469,"Not Available","Parking",28033318,1469,NA,"Parking",7.29233717617388
"96",28033320,852,"1961.8","Parking",28033320,852,1961.8,"Parking",6.74758652682932
"97",28033322,130,"Not Available","Parking",28033322,130,NA,"Parking",4.86753445045558
"98",28033326,30.6,"Not Available","Parking",28033326,30.6,NA,"Parking",3.42100000895834
"99",28033365,42.7,"431842","Parking",28033365,42.7,431842,"Parking",3.75419892023458
"100",28033367,2461.9,"463071.1","Parking",28033367,2461.9,463071.1,"Parking",7.80868868853525
"101",28033374,1579,"10054.299999999999","Parking",28033374,1579,10054.3,"Parking",7.36454701425564
"102",28033381,1816,"Not Available","Parking",28033381,1816,NA,"Parking",7.50439155916124
"103",28033382,2428,"5078.2","Parking",28033382,2428,5078.2,"Parking",7.79482315217939
"104",28033426,1068,"Not Available","Parking",28033426,1068,NA,"Parking",6.97354301952014
"105",28033439,1218,"Not Available","Other - Entertainment/Public Assembly",28033439,1218,NA,"Other - Entertainment/Public Assembly",7.10496544826984
"106",28033441,1389,"Not Available","Social/Meeting Hall",28033441,1389,NA,"Social/Meeting Hall",7.23633934275434
"107",28033442,637.9,"Not Available","Library",28033442,637.9,NA,"Library",6.45818153124791
"108",28033446,95,"Not Available","Other - Public Services",28033446,95,NA,"Other - Public Services",4.55387689160054
"109",28033451,93,"19867.400000000001","Police Station",28033451,93,19867.4,"Police Station",4.53259949315326
"110",28033452,1700,"Not Available","Office",28033452,1700,NA,"Office",7.43838353004431
"111",28033460,63.2,"17826","Police Station",28033460,63.2,17826,"Police Station",4.14630430115281
"112",28033462,2196,"Not Available","Ice/Curling Rink",28033462,2196,NA,"Ice/Curling Rink",7.69439280262942
"113",28033465,1775,"Not Available","Social/Meeting Hall",28033465,1775,NA,"Social/Meeting Hall",7.48155570190952
"114",28033468,1372,"Not Available","Office",28033468,1372,NA,"Office",7.22402480828583
"115",28033470,786,"57573","Pre-school/Daycare",28033470,786,57573,"Pre-school/Daycare",6.66695679242921
"116",28033474,451.4,"57424","Library",28033474,451.4,57424,"Library",6.11235386438344
"117",28033476,580,"26746.2","Other - Public Services",28033476,580,26746.2,"Other - Public Services",6.36302810354046
"118",28033481,655,"Not Available","Other - Entertainment/Public Assembly",28033481,655,NA,"Other - Entertainment/Public Assembly",6.48463523563525
"119",28033484,713.9,"Not Available","Library",28033484,713.9,NA,"Library",6.57074289650842
"120",28033492,1222,"161634.1","Other - Public Services",28033492,1222,161634.1,"Other - Public Services",7.10824413973154
"121",28033508,59,"352276.8","Wastewater Treatment Plant",28033508,59,352276.8,"Wastewater Treatment Plant",4.07753744390572
"122",28033511,233,"Not Available","Social/Meeting Hall",28033511,233,NA,"Social/Meeting Hall",5.4510384535657
"123",28033519,893.4,"123515.2","Library",28033519,893.4,123515.2,"Library",6.79503440891802
"124",28033520,590,"Not Available","Pre-school/Daycare",28033520,590,NA,"Pre-school/Daycare",6.38012253689976
"125",28033522,212,"3004.6","Social/Meeting Hall",28033522,212,3004.6,"Social/Meeting Hall",5.35658627467201
"126",28033523,334.8,"100695.5","Library",28033523,334.8,100695.5,"Library",5.81353333861532
"127",28033526,270,"Not Available","Social/Meeting Hall",28033526,270,NA,"Social/Meeting Hall",5.59842195899838
"128",28033532,626.2,"Not Available","Library",28033532,626.2,NA,"Library",6.4396698088923
"129",28033534,1393,"1205410.6000000001","Laboratory",28033534,1393,1205410.6,"Laboratory",7.23921497377981
"130",28033535,1538.3,"310996.90000000002","Library",28033535,1538.3,310996.9,"Library",7.3384331895617
"131",28033543,2229.7,"380262.5","Police Station",28033543,2229.7,380262.5,"Police Station",7.70962232625632
"132",28033548,743,"Not Available","Other - Public Services",28033548,743,NA,"Other - Public Services",6.61069604471776
"133",28033550,2133,"Not Available","Other - Public Services",28033550,2133,NA,"Other - Public Services",7.66528471847135
"134",28033551,2271,"Not Available","Other - Public Services",28033551,2271,NA,"Other - Public Services",7.72797554210556
"135",28033554,1198,"165853.6","Social/Meeting Hall",28033554,1198,165853.6,"Social/Meeting Hall",7.0884087786754
"136",28033556,2003.3,"357689.4","Library",28033556,2003.3,357689.4,"Library",7.60255109978761
"137",28033564,33.4,"420024.4","Other - Public Services",28033564,33.4,420024.4,"Other - Public Services",3.50855589998265
"138",28033565,56,"Not Available","Other - Public Services",28033565,56,NA,"Other - Public Services",4.02535169073515
"139",28033571,2227,"Not Available","Social/Meeting Hall",28033571,2227,NA,"Social/Meeting Hall",7.70841066725737
"140",28033573,483,"Not Available","Other - Lodging/Residential",28033573,483,NA,"Other - Lodging/Residential",6.18001665365257
"141",28033575,1859.5,"260996","Library",28033575,1859.5,260996,"Library",7.52806291336513
"142",28033578,2324,"236864.4","Social/Meeting Hall",28033578,2324,236864.4,"Social/Meeting Hall",7.7510451179718
"143",28033584,59,"Not Available","Other - Public Services",28033584,59,NA,"Other - Public Services",4.07753744390572
"144",28033585,1041.3,"96240.2","Library",28033585,1041.3,96240.2,"Library",6.94822521153585
"145",28033601,2012,"490406.5","Social/Meeting Hall",28033601,2012,490406.5,"Social/Meeting Hall",7.60688453121963
"146",28033604,1192,"358027.5","Other - Public Services",28033604,1192,358027.5,"Other - Public Services",7.0833878476253
"147",28033610,1298,"335201.59999999998","Social/Meeting Hall",28033610,1298,335201.6,"Social/Meeting Hall",7.16857989726403
"148",28033611,1861.8,"424167.6","Library",28033611,1861.8,424167.6,"Library",7.52929904068239
"149",28033615,1660,"270564.40000000002","Ice/Curling Rink",28033615,1660,270564.4,"Ice/Curling Rink",7.41457288135059
"150",28033617,901,"59059.7","Other - Public Services",28033617,901,59059.7,"Other - Public Services",6.80350525760834
"151",28033619,2370,"315127.09999999998","Social/Meeting Hall",28033619,2370,315127.1,"Social/Meeting Hall",7.77064523412918
"152",28033620,1844,"74463.199999999997","Office",28033620,1844,74463.2,"Office",7.51969240411654
"153",28033621,1133.7,"191381.1","Library",28033621,1133.7,191381.1,"Library",7.03324189902355
"154",28033622,465.7,"Not Available","Other - Entertainment/Public Assembly",28033622,465.7,NA,"Other - Entertainment/Public Assembly",6.14354164998833
"155",28033624,384,"Not Available","Social/Meeting Hall",28033624,384,NA,"Social/Meeting Hall",5.95064255258773
"156",28033625,450,"Not Available","Social/Meeting Hall",28033625,450,NA,"Social/Meeting Hall",6.10924758276437
"157",28033626,2297,"582576.4","Social/Meeting Hall",28033626,2297,582576.4,"Social/Meeting Hall",7.7393592026891
"158",28033627,931,"Not Available","Other - Entertainment/Public Assembly",28033627,931,NA,"Other - Entertainment/Public Assembly",6.83625927727707
"159",28033629,530,"88790.9","Other - Public Services",28033629,530,88790.9,"Other - Public Services",6.27287700654617
"160",28033633,936,"6827041.7999999998","Drinking Water Treatment & Distribution",28033633,936,6827041.8,"Drinking Water Treatment & Distribution",6.84161547647759
"161",28033634,929,"Not Available","Library",28033634,929,NA,"Library",6.83410873881384
"162",28033636,41,"33680.1","Wastewater Treatment Plant",28033636,41,33680.1,"Wastewater Treatment Plant",3.71357206670431
"163",28033640,2267,"173704.8","Social/Meeting Hall",28033640,2267,173704.8,"Social/Meeting Hall",7.72621265050753
"164",28033641,580,"21523901.800000001","Drinking Water Treatment & Distribution",28033641,580,21523901.8,"Drinking Water Treatment & Distribution",6.36302810354046
"165",28033645,1368,"124277.8","Social/Meeting Hall",28033645,1368,124277.8,"Social/Meeting Hall",7.2211050981825
"166",28033646,334.5,"74515.199999999997","Library",28033646,334.5,74515.2,"Library",5.81263687956828
"167",28033649,1765,"218411.2","Other - Public Services",28033649,1765,218411.2,"Other - Public Services",7.4759059693674
"168",28033658,576,"Not Available","Library",28033658,576,NA,"Library",6.35610766069589
"169",28033661,1799,"Not Available","Social/Meeting Hall",28033661,1799,NA,"Social/Meeting Hall",7.49498623395053
"170",28033663,1330,"61367.4","Social/Meeting Hall",28033663,1330,61367.4,"Social/Meeting Hall",7.1929342212158
"171",28033667,405,"Not Available","Heated Swimming Pool",28033667,405,NA,"Heated Swimming Pool",6.00388706710654
"172",28033670,1287,"157533.29999999999","Social/Meeting Hall",28033670,1287,157533.3,"Social/Meeting Hall",7.16006920759613
"173",28033673,2444,"233355","Ice/Curling Rink",28033673,2444,233355,"Ice/Curling Rink",7.80139132029149
"174",28033677,330,"Not Available","Other - Public Services",28033677,330,NA,"Other - Public Services",5.79909265446053
"175",28033679,304,"Not Available","Fire Station",28033679,304,NA,"Fire Station",5.71702770140622
"176",28033680,2406,"91775.8","Fire Station",28033680,2406,91775.8,"Fire Station",7.78572089653462
"177",28033681,526,"Not Available","Fire Station",28033681,526,NA,"Fire Station",6.26530121273771
"178",28033682,652,"183490.6","Fire Station",28033682,652,183490.6,"Fire Station",6.48004456192665
"179",28033683,449,"Not Available","Fire Station",28033683,449,NA,"Fire Station",6.10702288774225
"180",28033684,802,"Not Available","Fire Station",28033684,802,NA,"Fire Station",6.68710860786651
"181",28033685,556,"Not Available","Fire Station",28033685,556,NA,"Fire Station",6.32076829425058
"182",28033686,1094,"145581.70000000001","Fire Station",28033686,1094,145581.7,"Fire Station",6.99759598298193
"183",28033687,392,"Not Available","Fire Station",28033687,392,NA,"Fire Station",5.97126183979046
"184",28033688,283,"Not Available","Fire Station",28033688,283,NA,"Fire Station",5.64544689764324
"185",28033689,232,"Not Available","Fire Station",28033689,232,NA,"Fire Station",5.44673737166631
"186",28033690,540,"Not Available","Fire Station",28033690,540,NA,"Fire Station",6.29156913955832
"187",28033691,543,"60925","Fire Station",28033691,543,60925,"Fire Station",6.29710931993394
"188",28033692,712,"94266.5","Fire Station",28033692,712,94266.5,"Fire Station",6.56807791141198
"189",28033693,749,"Not Available","Fire Station",28033693,749,NA,"Fire Station",6.61873898351722
"190",28033694,662,"Not Available","Fire Station",28033694,662,NA,"Fire Station",6.49526555593701
"191",28033695,1181.5,"160826","Fire Station",28033695,1181.5,160826,"Fire Station",7.07454009662696
"192",28033696,984,"Not Available","Fire Station",28033696,984,NA,"Fire Station",6.89162589705225
"193",28033697,1161.3,"145401.20000000001","Fire Station",28033697,1161.3,145401.2,"Fire Station",7.05729534625171
"194",28033698,519,"118257.4","Fire Station",28033698,519,118257.4,"Fire Station",6.25190388316589
"195",28033699,269,"Not Available","Fire Station",28033699,269,NA,"Fire Station",5.59471137960184
"196",28033701,1022,"110029.2","Fire Station",28033701,1022,110029.2,"Fire Station",6.92951677076365
"197",28033702,700,"Not Available","Fire Station",28033702,700,NA,"Fire Station",6.5510803350434
"198",28033703,465,"Not Available","Fire Station",28033703,465,NA,"Fire Station",6.14203740558736
"199",28033704,1533,"208907.9","Fire Station",28033704,1533,208907.9,"Fire Station",7.33498187887181
"200",28033705,469,"Not Available","Fire Station",28033705,469,NA,"Fire Station",6.15060276844628
"201",28033706,454,"50315.199999999997","Fire Station",28033706,454,50315.2,"Fire Station",6.11809719804135
"202",28033707,533,"63668","Fire Station",28033707,533,63668,"Fire Station",6.27852142416584
"203",28033708,1107,"Not Available","Fire Station",28033708,1107,NA,"Fire Station",7.00940893270864
"204",28033709,642,"Not Available","Fire Station",28033709,642,NA,"Fire Station",6.46458830368996
"205",28033710,693,"Not Available","Fire Station",28033710,693,NA,"Fire Station",6.5410299991899
"206",28033711,350,"Not Available","Fire Station",28033711,350,NA,"Fire Station",5.85793315448346
"207",28033712,844,"Not Available","Fire Station",28033712,844,NA,"Fire Station",6.73815249459596
"208",28033713,1097,"Not Available","Fire Station",28033713,1097,NA,"Fire Station",7.00033446027523
"209",28033714,974,"79541.399999999994","Fire Station",28033714,974,79541.4,"Fire Station",6.88141130364254
"210",28033715,1323,"156050.70000000001","Fire Station",28033715,1323,156050.7,"Fire Station",7.18765716411496
"211",28033716,497,"Not Available","Fire Station",28033716,497,NA,"Fire Station",6.20859002609663
"212",28033717,1022,"Not Available","Fire Station",28033717,1022,NA,"Fire Station",6.92951677076365
"213",28033718,497,"Not Available","Fire Station",28033718,497,NA,"Fire Station",6.20859002609663
"214",28033719,827,"Not Available","Fire Station",28033719,827,NA,"Fire Station",6.71780469502369
"215",28033720,511,"54567.8","Fire Station",28033720,511,54567.8,"Fire Station",6.2363695902037
"216",28033721,511,"61448.5","Fire Station",28033721,511,61448.5,"Fire Station",6.2363695902037
"217",28033722,497,"Not Available","Fire Station",28033722,497,NA,"Fire Station",6.20859002609663
"218",28033723,497,"Not Available","Fire Station",28033723,497,NA,"Fire Station",6.20859002609663
"219",28033724,521,"60511.3","Fire Station",28033724,521,60511.3,"Fire Station",6.25575004175337
"220",28033725,1185,"57897.8","Fire Station",28033725,1185,57897.8,"Fire Station",7.07749805356923
"221",28033726,911,"Not Available","Fire Station",28033726,911,NA,"Fire Station",6.81454289725996
"222",28033727,1124,"Not Available","Fire Station",28033727,1124,NA,"Fire Station",7.02464903045364
"223",28033728,1109,"Not Available","Fire Station",28033728,1109,NA,"Fire Station",7.01121398735037
"224",28033729,673,"Not Available","Fire Station",28033729,673,NA,"Fire Station",6.51174532964473
"225",28033730,700,"125862.7","Fire Station",28033730,700,125862.7,"Fire Station",6.5510803350434
"226",28033731,700,"Not Available","Fire Station",28033731,700,NA,"Fire Station",6.5510803350434
"227",28033732,951,"Not Available","Fire Station",28033732,951,NA,"Fire Station",6.85751406254539
"228",28033733,1222,"Not Available","Fire Station",28033733,1222,NA,"Fire Station",7.10824413973154
"229",28033734,941,"149577.20000000001","Fire Station",28033734,941,149577.2,"Fire Station",6.84694313958538
"230",28033735,1020,"Not Available","Fire Station",28033735,1020,NA,"Fire Station",6.92755790627832
"231",28033736,2310,"306289.8","Fire Station",28033736,2310,306289.8,"Fire Station",7.74500280351584
"232",28033737,1182,"144173.70000000001","Fire Station",28033737,1182,144173.7,"Fire Station",7.07496319796604
"233",28033738,1208,"419606","Fire Station",28033738,1208,419606,"Fire Station",7.09672137849476
"234",28033739,409,"105653","Fire Station",28033739,409,105653,"Fire Station",6.0137151560428
"235",28033740,861,"77680.100000000006","Fire Station",28033740,861,77680.1,"Fire Station",6.75809450442773
"236",28033741,284,"31090","Fire Station",28033741,284,31090,"Fire Station",5.64897423816121
"237",28033742,913,"61832","Fire Station",28033742,913,61832,"Fire Station",6.81673588059497
"238",28033743,1044,"Not Available","Fire Station",28033743,1044,NA,"Fire Station",6.95081476844258
"239",28033744,1190,"Not Available","Fire Station",28033744,1190,NA,"Fire Station",7.08170858610557
"240",28033745,814,"92688.9","Fire Station",28033745,814,92688.9,"Fire Station",6.70196036600254
"241",28033746,653,"Not Available","Fire Station",28033746,653,NA,"Fire Station",6.48157712927643
"242",28033747,365,"Not Available","Fire Station",28033747,365,NA,"Fire Station",5.89989735358249
"243",28033748,725,"Not Available","Fire Station",28033748,725,NA,"Fire Station",6.58617165485467
"244",28033749,879,"114751.1","Fire Station",28033749,879,114751.1,"Fire Station",6.77878489768518
"245",28033750,738,"65157.3","Fire Station",28033750,738,65157.3,"Fire Station",6.60394382460047
"246",28033751,1146,"Not Available","Fire Station",28033751,1146,NA,"Fire Station",7.04403289727469
"247",28033752,545,"Not Available","Fire Station",28033752,545,NA,"Fire Station",6.30078579466324
"248",28033753,739,"Not Available","Fire Station",28033753,739,NA,"Fire Station",6.6052979209482
"249",28033754,1160,"Not Available","Fire Station",28033754,1160,NA,"Fire Station",7.05617528410041
"250",28033755,363,"Not Available","Fire Station",28033755,363,NA,"Fire Station",5.89440283426485
"251",28033756,1093,"124498.1","Fire Station",28033756,1093,124498.1,"Fire Station",6.99668148817654
"252",28033757,468,"104929","Fire Station",28033757,468,104929,"Fire Station",6.14846829591765
"253",28033758,482,"33392","Fire Station",28033758,482,33392,"Fire Station",6.1779441140506
"254",28033759,640,"91918.6","Fire Station",28033759,640,91918.6,"Fire Station",6.46146817635372
"255",28033760,1809,"Not Available","Fire Station",28033760,1809,NA,"Fire Station",7.5005294853953
"256",28033761,1438,"191706.8","Fire Station",28033761,1438,191706.8,"Fire Station",7.27100853828099
"257",28033762,365,"Not Available","Fire Station",28033762,365,NA,"Fire Station",5.89989735358249
"258",28033763,365,"Not Available","Fire Station",28033763,365,NA,"Fire Station",5.89989735358249
"259",28033764,1093,"Not Available","Fire Station",28033764,1093,NA,"Fire Station",6.99668148817654
"260",28033765,743,"Not Available","Fire Station",28033765,743,NA,"Fire Station",6.61069604471776
"261",28033766,2137,"162014.79999999999","Fire Station",28033766,2137,162014.8,"Fire Station",7.66715825531915
"262",28033769,929,"Not Available","Social/Meeting Hall",28033769,929,NA,"Social/Meeting Hall",6.83410873881384
"263",28033774,836,"Not Available","Office",28033774,836,NA,"Office",6.7286286130847
"264",28033775,2090,"223045.1","Office",28033775,2090,223045.1,"Office",7.64491934495886
"265",28033776,2100,"95121.7","Other - Public Services",28033776,2100,95121.7,"Other - Public Services",7.64969262371151
"266",28033777,1487.2,"314993.2","Library",28033777,1487.2,314993.2,"Library",7.30465043640723
"267",28033778,2415,"350519.1","Other - Lodging/Residential",28033778,2415,350519.1,"Other - Lodging/Residential",7.78945456608667
"268",28033782,1422.2,"Not Available","Heated Swimming Pool",28033782,1422.2,NA,"Heated Swimming Pool",7.25996024744942
"269",28033794,604.2,"Not Available","Library",28033794,604.2,NA,"Library",6.40390526895257
"270",28033795,777,"Not Available","Other - Entertainment/Public Assembly",28033795,777,NA,"Other - Entertainment/Public Assembly",6.65544035036765
"271",28033809,951,"379746.7","Other - Recreation",28033809,951,379746.7,"Other - Recreation",6.85751406254539
"272",28033811,743.2,"235596.3","Library",28033811,743.2,235596.3,"Library",6.61096518749963
"273",28033825,686,"44036.4","Other - Public Services",28033825,686,44036.4,"Other - Public Services",6.53087762772588
"274",28033830,93,"Not Available","Wastewater Treatment Plant",28033830,93,NA,"Wastewater Treatment Plant",4.53259949315326
"275",28033834,1800.7,"Not Available","Other - Lodging/Residential",28033834,1800.7,NA,"Other - Lodging/Residential",7.49593075717546
"276",28033835,279.6,"Not Available","Library",28033835,279.6,NA,"Library",5.63336001035966
"277",28033837,1960,"627126.4","Heated Swimming Pool",28033837,1960,627126.4,"Heated Swimming Pool",7.58069975222456
"278",28033840,2444,"216001.2","Ice/Curling Rink",28033840,2444,216001.2,"Ice/Curling Rink",7.80139132029149
"279",28033842,256,"65993.8","Other - Public Services",28033842,256,65993.8,"Other - Public Services",5.54517744447956
"280",28033845,192.4,"1897930.7","Other - Public Services",28033845,192.4,1897930.7,"Other - Public Services",5.25957653823161
"281",28033846,1418,"198076.1","Heated Swimming Pool",28033846,1418,198076.1,"Heated Swimming Pool",7.25700270709207
"282",28033848,400,"15577","Social/Meeting Hall",28033848,400,15577,"Social/Meeting Hall",5.99146454710798
"283",28033851,236,"12693","Office",28033851,236,12693,"Office",5.46383180502561
"284",28033864,822.2,"Not Available","Library",28033864,822.2,NA,"Library",6.71198367446378
"285",28033883,650.3,"94259.4","Library",28033883,650.3,94259.4,"Library",6.47743379487511
"286",28033887,694.3,"105515.5","Library",28033887,694.3,105515.5,"Library",6.54290414375923
"287",28033893,2120,"603485.1","Other - Entertainment/Public Assembly",28033893,2120,603485.1,"Other - Entertainment/Public Assembly",7.65917136766606
"288",28033897,395,"20487.099999999999","Social/Meeting Hall",28033897,395,20487.1,"Social/Meeting Hall",5.97888576490112
"289",28033900,31.2,"215.5","Other - Public Services",28033900,31.2,215.5,"Other - Public Services",3.44041809481544
"290",28033904,223,"Not Available","Library",28033904,223,NA,"Library",5.40717177146012
"291",28033905,170,"46984.5","Police Station",28033905,170,46984.5,"Police Station",5.13579843705026
"292",28033912,839.8,"96147.1","Library",28033912,839.8,96147.1,"Library",6.73316376825009
"293",28033920,1067,"Not Available","Fire Station",28033920,1067,NA,"Fire Station",6.97260625130175
"294",28033923,2221,"Not Available","Other - Public Services",28033923,2221,NA,"Other - Public Services",7.70571282389443
"295",28033926,650,"365803.2","Other - Recreation",28033926,650,365803.2,"Other - Recreation",6.47697236288968
"296",28033929,926,"Not Available","Social/Meeting Hall",28033929,926,NA,"Social/Meeting Hall",6.83087423464618
"297",28033930,1981.4,"360320.9","Other - Lodging/Residential",28033930,1981.4,360320.9,"Other - Lodging/Residential",7.59155894453893
"298",28033931,41.8,"Not Available","Wastewater Treatment Plant",28033931,41.8,NA,"Wastewater Treatment Plant",3.73289633953071
"299",28033940,1110.7,"179177.1","Library",28033940,1110.7,179177.1,"Library",7.01274572617307
"300",28033943,650.3,"149777.1","Library",28033943,650.3,149777.1,"Library",6.47743379487511
"301",28033949,1227,"135747.70000000001","Social/Meeting Hall",28033949,1227,135747.7,"Social/Meeting Hall",7.11232744471091
"302",28033950,1073,"123216.5","Pre-school/Daycare",28033950,1073,123216.5,"Pre-school/Daycare",6.9782137426307
"303",28033958,88,"Not Available","Other - Public Services",28033958,88,NA,"Other - Public Services",4.47733681447821
"304",28033959,337.8,"64203.3","Library",28033959,337.8,64203.3,"Library",5.8224540043737
"305",28033965,258,"Not Available","Social/Meeting Hall",28033965,258,NA,"Social/Meeting Hall",5.55295958492162
"306",28033967,255,"6475940.5999999996","Drinking Water Treatment & Distribution",28033967,255,6475940.6,"Drinking Water Treatment & Distribution",5.54126354515843
"307",28033969,1000,"Not Available","Other - Public Services",28033969,1000,NA,"Other - Public Services",6.90775527898214
"308",28033976,623.7,"Not Available","Library",28033976,623.7,NA,"Library",6.43566948353208
"309",28033978,498,"3295184.1","Drinking Water Treatment & Distribution",28033978,498,3295184.1,"Drinking Water Treatment & Distribution",6.21060007702465
"310",28033987,511,"61643.7","Pre-school/Daycare",28033987,511,61643.7,"Pre-school/Daycare",6.2363695902037
"311",28033996,1022,"Not Available","Other - Public Services",28033996,1022,NA,"Other - Public Services",6.92951677076365
"312",28034004,1356,"213950.1","Other - Entertainment/Public Assembly",28034004,1356,213950.1,"Other - Entertainment/Public Assembly",7.21229446850034
"313",28034008,2309,"321406.59999999998","Ice/Curling Rink",28034008,2309,321406.6,"Ice/Curling Rink",7.7445698093545
"314",28034010,2415,"349937.7","Social/Meeting Hall",28034010,2415,349937.7,"Social/Meeting Hall",7.78945456608667
"315",28034011,157,"42978.2","Other - Recreation",28034011,157,42978.2,"Other - Recreation",5.05624580534831
"316",28034015,2445,"390272.1","Social/Meeting Hall",28034015,2445,390272.1,"Social/Meeting Hall",7.80180040190897
"317",28034024,2058,"166495.5","Social/Meeting Hall",28034024,2058,166495.5,"Social/Meeting Hall",7.629489916394
"318",28034025,1452,"5913515.7999999998","Drinking Water Treatment & Distribution",28034025,1452,5913515.8,"Drinking Water Treatment & Distribution",7.28069719538474
"319",28034028,2377,"Not Available","Ice/Curling Rink",28034028,2377,NA,"Ice/Curling Rink",7.77359446736019
"320",28034030,1114.8,"191203.20000000001","Library",28034030,1114.8,191203.2,"Library",7.01643029560779
"321",28034032,537,"216809.1","Other - Recreation",28034032,537,216809.1,"Other - Recreation",6.28599809450886
"322",28034038,570,"Not Available","Other - Public Services",28034038,570,NA,"Other - Public Services",6.3456363608286
"323",28034039,92.9,"8103.2","Police Station",28034039,92.9,8103.2,"Police Station",4.53152364581979
"324",28034049,1082,"182909.8","Library",28034049,1082,182909.8,"Library",6.98656645940643
"325",28034051,2381,"241542","Ice/Curling Rink",28034051,2381,241542,"Ice/Curling Rink",7.77527584648686
"326",28034052,596.3,"60411.3","Library",28034052,596.3,60411.3,"Library",6.39074389612906
"327",28034054,285,"196408.6","Wastewater Treatment Plant",28034054,285,196408.6,"Wastewater Treatment Plant",5.65248918026865
"328",28034063,239,"30311.7","Other - Entertainment/Public Assembly",28034063,239,30311.7,"Other - Entertainment/Public Assembly",5.47646355193151
"329",28034066,804.9,"Not Available","Library",28034066,804.9,NA,"Library",6.69071804609969
"330",28034069,699,"Not Available","Other - Public Services",28034069,699,NA,"Other - Public Services",6.54965074223381
"331",28034070,1102,"155567","Other - Public Services",28034070,1102,155567,"Other - Public Services",7.00488198971286
"332",28034072,604,"121934.7","Pre-school/Daycare",28034072,604,121934.7,"Pre-school/Daycare",6.40357419793482
"333",28034076,264,"Not Available","Social/Meeting Hall",28034076,264,NA,"Social/Meeting Hall",5.57594910314632
"334",28034079,2366.7,"275205.3","Library",28034079,2366.7,275205.3,"Library",7.76925185876915
"335",28034083,169.9,"Not Available","Social/Meeting Hall",28034083,169.9,NA,"Social/Meeting Hall",5.13521002867789
"336",28034090,65,"Not Available","Other - Public Services",28034090,65,NA,"Other - Public Services",4.17438726989564
"337",28034091,410.7,"Not Available","Library",28034091,410.7,NA,"Library",6.01786302096251
"338",28034102,724,"Not Available","Library",28034102,724,NA,"Library",6.58479139238572
"339",28034108,1249,"Not Available","Heated Swimming Pool",28034108,1249,NA,"Heated Swimming Pool",7.13009851012558
"340",28034128,1638,"427312.3","Social/Meeting Hall",28034128,1638,427312.3,"Social/Meeting Hall",7.40123126441302
"341",28034133,1622.9,"97348.4","Library",28034133,1622.9,97348.4,"Library",7.39196995132184
"342",28034135,412,"751136.9","Wastewater Treatment Plant",28034135,412,751136.9,"Wastewater Treatment Plant",6.02102334934953
"343",28034142,710,"203661.8","Other - Entertainment/Public Assembly",28034142,710,203661.8,"Other - Entertainment/Public Assembly",6.56526497003536
"344",28034144,650.3,"123840.6","Library",28034144,650.3,123840.6,"Library",6.47743379487511
"345",28034146,1373,"335922.8","Other - Public Services",28034146,1373,335922.8,"Other - Public Services",7.22475340576797
"346",28034148,279,"Not Available","Social/Meeting Hall",28034148,279,NA,"Social/Meeting Hall",5.63121178182137
"347",28034149,682.8,"57960.3","Pre-school/Daycare",28034149,682.8,57960.3,"Pre-school/Daycare",6.52620199092029
"348",28034150,1054.5,"147175.4","Library",28034150,1054.5,147175.4,"Library",6.96082199991883
"349",28034151,541.5,"Not Available","Library",28034151,541.5,NA,"Library",6.29434306644105
"350",28034158,2246,"389743.5","Other - Public Services",28034158,2246,389743.5,"Other - Public Services",7.71690613529839
"351",28034163,1147,"122589.3","Other - Entertainment/Public Assembly",28034163,1147,122589.3,"Other - Entertainment/Public Assembly",7.04490511712937
"352",28034165,922.1,"88620.800000000003","Library",28034165,922.1,88620.8,"Library",6.8266536775451
"353",28034166,192,"208829.6","Wastewater Treatment Plant",28034166,192,208829.6,"Wastewater Treatment Plant",5.25749537202778
"354",28034167,281,"61938.400000000001","Social/Meeting Hall",28034167,281,61938.4,"Social/Meeting Hall",5.63835466933375
"355",28034168,492,"Not Available","Social/Meeting Hall",28034168,492,NA,"Social/Meeting Hall",6.19847871649231
"356",28034171,1770,"343499.9","Heated Swimming Pool",28034171,1770,343499.9,"Heated Swimming Pool",7.47873482556787
"357",28034172,1228,"309508.3","Other - Public Services",28034172,1228,309508.3,"Other - Public Services",7.11314210870709
"358",28034175,885,"217693.3","Other - Public Services",28034175,885,217693.3,"Other - Public Services",6.78558764500793
"359",28034177,62.8,"28610.9","Wastewater Treatment Plant",28034177,62.8,28610.9,"Wastewater Treatment Plant",4.13995507347415
"360",28034180,2024,"2736804.1","Wastewater Treatment Plant",28034180,2024,2736804.1,"Wastewater Treatment Plant",7.61283103040736
"361",28034186,973,"187503","Social/Meeting Hall",28034186,973,187503,"Social/Meeting Hall",6.880384082186
"362",28034189,365.7,"Not Available","Library",28034189,365.7,NA,"Library",5.90181332515534
"363",28034191,536,"193063.9","Other - Public Services",28034191,536,193063.9,"Other - Public Services",6.2841341610708
"364",28034199,929,"159254.9","Social/Meeting Hall",28034199,929,159254.9,"Social/Meeting Hall",6.83410873881384
"365",28034201,1728,"201936.5","Social/Meeting Hall",28034201,1728,201936.5,"Social/Meeting Hall",7.454719949364
"366",28034203,372,"Not Available","Social/Meeting Hall",28034203,372,NA,"Social/Meeting Hall",5.91889385427315
"367",28034205,1604.4,"164626.4","Library",28034205,1604.4,164626.4,"Library",7.3805051338959
"368",28034207,1510,"206868.2","Social/Meeting Hall",28034207,1510,206868.2,"Social/Meeting Hall",7.31986492980897
"369",28034219,2486,"Not Available","Other - Public Services",28034219,2486,NA,"Other - Public Services",7.81843027207066
"370",28034220,1212,"Not Available","Other - Public Services",28034220,1212,NA,"Other - Public Services",7.10002716662926
"371",28034227,878,"177514.9","Social/Meeting Hall",28034227,878,177514.9,"Social/Meeting Hall",6.77764659363512
"372",28034232,789,"237312.1","Library",28034232,789,237312.1,"Library",6.67076632084587
"373",28034235,759.5,"Not Available","Library",28034235,759.5,NA,"Library",6.63266032203583
"374",28034238,2237.4,"Not Available","Library",28034238,2237.4,NA,"Library",7.71306975641283
"375",28034239,1043,"3533659.9","Drinking Water Treatment & Distribution",28034239,1043,3533659.9,"Drinking Water Treatment & Distribution",6.94985645500077
"376",28034243,1359.5,"Not Available","Library",28034243,1359.5,NA,"Library",7.21487226407253
"377",28034244,239,"96904.3","Social/Meeting Hall",28034244,239,96904.3,"Social/Meeting Hall",5.47646355193151
"378",28034246,337,"Not Available","Library",28034246,337,NA,"Library",5.82008293035236
"379",28034248,172,"Not Available","Other - Public Services",28034248,172,NA,"Other - Public Services",5.14749447681345
"380",28034249,2410,"Not Available","Ice/Curling Rink",28034249,2410,NA,"Ice/Curling Rink",7.7873820264847
"381",28034258,650.3,"Not Available","Library",28034258,650.3,NA,"Library",6.47743379487511
"382",28034262,877,"139866.9","Police Station",28034262,877,139866.9,"Police Station",6.77650699237218
"383",28034265,2140,"365374.7","Police Station",28034265,2140,365374.7,"Police Station",7.6685611080159
"384",28034268,1856,"344428.79999999999","Social/Meeting Hall",28034268,1856,344428.8,"Social/Meeting Hall",7.52617891334615
"385",28034271,533,"328008.3","Social/Meeting Hall",28034271,533,328008.3,"Social/Meeting Hall",6.27852142416584
"386",28034280,696,"145301.5","Police Station",28034280,696,145301.5,"Police Station",6.54534966033442
"387",28034282,1118,"47388.4","Other - Public Services",28034282,1118,47388.4,"Other - Public Services",7.01929665371504
"388",28034284,775,"31029.599999999999","Police Station",28034284,775,31029.6,"Police Station",6.65286302935335
"389",28034294,1672.3,"126339.7","Police Station",28034294,1672.3,126339.7,"Police Station",7.42195520338708
"390",28034303,573,"Not Available","Social/Meeting Hall",28034303,573,NA,"Social/Meeting Hall",6.35088571671474
"391",28034305,1483,"265486","Pre-school/Daycare",28034305,1483,265486,"Pre-school/Daycare",7.30182234213793
"392",28034309,472.7,"Not Available","Library",28034309,472.7,NA,"Library",6.15846093779919
"393",28034315,219,"Not Available","Drinking Water Treatment & Distribution",28034315,219,NA,"Drinking Water Treatment & Distribution",5.3890717298165
"394",28034319,2203,"Not Available","Other - Entertainment/Public Assembly",28034319,2203,NA,"Other - Entertainment/Public Assembly",7.69757534680234
"395",28034320,897.3,"Not Available","Library",28034320,897.3,NA,"Library",6.79939025430401
"396",28034323,1581,"89706","Other - Public Services",28034323,1581,89706,"Other - Public Services",7.36581283720947
"397",28034326,1839,"463987.5","Other - Lodging/Residential",28034326,1839,463987.5,"Other - Lodging/Residential",7.51697722460432
"398",28034328,1140,"95842.6","Other - Public Services",28034328,1140,95842.6,"Other - Public Services",7.03878354138854
"399",28034330,1305,"Not Available","Other - Public Services",28034330,1305,NA,"Other - Public Services",7.17395831975679
"400",28034336,144,"11579074.699999999","Drinking Water Treatment & Distribution",28034336,144,11579074.7,"Drinking Water Treatment & Distribution",4.969813299576
"401",28034337,187.9,"Not Available","Other - Public Services",28034337,187.9,NA,"Other - Public Services",5.23590990641942
"402",28034345,199,"Not Available","Other - Public Services",28034345,199,NA,"Other - Public Services",5.29330482472449
"403",28034354,1118,"130055","Library",28034354,1118,130055,"Library",7.01929665371504
"404",28034362,2401.3,"293462.5","Library",28034362,2401.3,293462.5,"Library",7.78376553635427
"405",28034363,1698,"174900.6","Social/Meeting Hall",28034363,1698,174900.6,"Social/Meeting Hall",7.43720636687129
"406",28034366,1180.1,"Not Available","Library",28034366,1180.1,NA,"Library",7.0733544596317
"407",28034369,1347.1,"213649.6","Library",28034369,1347.1,213649.6,"Library",7.20570941270452
"408",28034371,851,"6841455.4000000004","Drinking Water Treatment & Distribution",28034371,851,6841455.4,"Drinking Water Treatment & Distribution",6.74641212857337
"409",28034374,30.7,"Not Available","Other - Public Services",28034374,30.7,NA,"Other - Public Services",3.42426265459315
"410",28034378,30.9,"33382.199999999997","Other - Public Services",28034378,30.9,33382.2,"Other - Public Services",3.4307561839037
"411",28034380,283,"124372.8","Social/Meeting Hall",28034380,283,124372.8,"Social/Meeting Hall",5.64544689764324
"412",28034384,874,"Not Available","Social/Meeting Hall",28034384,874,NA,"Social/Meeting Hall",6.77308037565554
"413",28034402,682,"36269.1","Social/Meeting Hall",28034402,682,36269.1,"Social/Meeting Hall",6.52502965784346
"414",28034405,30.8,"Not Available","Other - Public Services",28034405,30.8,NA,"Other - Public Services",3.42751468997953
"415",28034408,650,"7566.7","Other - Public Services",28034408,650,7566.7,"Other - Public Services",6.47697236288968
"416",28034414,1253,"110802.6","Office",28034414,1253,110802.6,"Office",7.13329595489607
"417",28034418,1665,"98990.5","Other - Entertainment/Public Assembly",28034418,1665,98990.5,"Other - Entertainment/Public Assembly",7.41758040241454
"418",28034420,367.2,"Not Available","Library",28034420,367.2,NA,"Library",5.90590665874634
"419",28034422,63,"149278.1","Other - Public Services",28034422,63,149278.1,"Other - Public Services",4.14313472639153
"420",28034425,2164,"Not Available","Heated Swimming Pool",28034425,2164,NA,"Heated Swimming Pool",7.67971363996637
"421",28034429,426.1,"55259.6","Library",28034429,426.1,55259.6,"Library",6.05467406050587
"422",28034438,449,"81292.7","Library",28034438,449,81292.7,"Library",6.10702288774225
"423",28034441,301,"3497708","Drinking Water Treatment & Distribution",28034441,301,3497708,"Drinking Water Treatment & Distribution",5.70711026474888
"424",28034443,959,"Not Available","Social/Meeting Hall",28034443,959,NA,"Social/Meeting Hall",6.86589107488344
"425",28034446,30.3,"Not Available","Other - Public Services",28034446,30.3,NA,"Other - Public Services",3.41114771251532
"426",28034452,511.8,"77868.800000000003","Library",28034452,511.8,77868.8,"Library",6.23793392372569
"427",28034464,30.4,"23143.5","Other - Public Services",28034464,30.4,23143.5,"Other - Public Services",3.41444260841218
"428",28034467,30.5,"230589.8","Other - Public Services",28034467,30.5,230589.8,"Other - Public Services",3.41772668361337
"429",28034470,30.6,"Not Available","Other - Public Services",28034470,30.6,NA,"Other - Public Services",3.42100000895834
"430",28034472,209,"56327.6","Social/Meeting Hall",28034472,209,56327.6,"Social/Meeting Hall",5.34233425196481
"431",28034475,49,"178065.5","Wastewater Treatment Plant",28034475,49,178065.5,"Wastewater Treatment Plant",3.89182029811063
"432",28034476,30.8,"7789","Other - Public Services",28034476,30.8,7789,"Other - Public Services",3.42751468997953
"433",28034479,31.1,"Not Available","Other - Public Services",28034479,31.1,NA,"Other - Public Services",3.43720781918519
"434",28034480,482,"41662.300000000003","Social/Meeting Hall",28034480,482,41662.3,"Social/Meeting Hall",6.1779441140506
"435",28034481,31.9,"91250.6","Other - Public Services",28034481,31.9,91250.6,"Other - Public Services",3.4626060097908
"436",28034482,31.5,"Not Available","Other - Public Services",28034482,31.5,NA,"Other - Public Services",3.44998754583159
"437",28034483,464.5,"Not Available","Library",28034483,464.5,NA,"Library",6.14096155825389
"438",28034484,1088,"134300.70000000001","Other - Entertainment/Public Assembly",28034484,1088,134300.7,"Other - Entertainment/Public Assembly",6.99209642741589
"439",28034486,1290,"391757.5","Heated Swimming Pool",28034486,1290,391757.5,"Heated Swimming Pool",7.16239749735572
"440",28034487,1266,"134242","Other - Public Services",28034487,1266,134242,"Other - Public Services",7.14361760270412
"441",28034488,31.8,"2254.6","Other - Public Services",28034488,31.8,2254.6,"Other - Public Services",3.45946628978613
"442",28034489,2090,"366201.3","Office",28034489,2090,366201.3,"Office",7.64491934495886
"443",28034491,847,"102998.6","Pre-school/Daycare",28034491,847,102998.6,"Pre-school/Daycare",6.74170069465205
"444",28034492,32.1,"Not Available","Other - Public Services",28034492,32.1,NA,"Other - Public Services",3.46885603013597
"445",28034493,32.3,"Not Available","Other - Public Services",28034493,32.3,NA,"Other - Public Services",3.47506723022861
"446",28034494,1025.1,"167108.20000000001","Library",28034494,1025.1,167108.2,"Library",6.93254544778936
"447",28034495,144,"526223.6","Drinking Water Treatment & Distribution",28034495,144,526223.6,"Drinking Water Treatment & Distribution",4.969813299576
"448",28034497,32.5,"Not Available","Other - Public Services",28034497,32.5,NA,"Other - Public Services",3.48124008933569
"449",28034500,1645,"Not Available","Other - Entertainment/Public Assembly",28034500,1645,NA,"Other - Entertainment/Public Assembly",7.40549566319947
"450",28034502,104.5,"34009.300000000003","Other - Public Services",28034502,104.5,34009.3,"Other - Public Services",4.64918707140487
"451",28034504,32,"Not Available","Other - Public Services",28034504,32,NA,"Other - Public Services",3.46573590279973
"452",28034506,31.6,"17819.3","Other - Public Services",28034506,31.6,17819.3,"Other - Public Services",3.45315712059287
"453",28034507,1948,"95950.3","Office",28034507,1948,95950.3,"Office",7.57455848420248
"454",28034513,1574.9,"Not Available","Office",28034513,1574.9,NA,"Office",7.36194705718053
"455",28034516,2453,"316609.8","Other - Public Services",28034516,2453,316609.8,"Other - Public Services",7.80506704425849
"456",28034517,32.1,"Not Available","Other - Public Services",28034517,32.1,NA,"Other - Public Services",3.46885603013597
"457",28034518,31.7,"Not Available","Other - Public Services",28034518,31.7,NA,"Other - Public Services",3.45631668088323
"458",28034523,465,"63750.1","Other - Public Services",28034523,465,63750.1,"Other - Public Services",6.14203740558736
"459",28034524,332,"26893","Other - Public Services",28034524,332,26893,"Other - Public Services",5.80513496891649
"460",28034525,180,"Not Available","Other - Public Services",28034525,180,NA,"Other - Public Services",5.19295685089021
"461",28034526,256,"Not Available","Other - Public Services",28034526,256,NA,"Other - Public Services",5.54517744447956
"462",28034527,395,"Not Available","Other - Public Services",28034527,395,NA,"Other - Public Services",5.97888576490112
"463",28034528,458,"Not Available","Other - Public Services",28034528,458,NA,"Other - Public Services",6.12686918411419
"464",28034529,723,"276762.7","Other - Public Services",28034529,723,276762.7,"Other - Public Services",6.58340922215876
"465",28034530,240,"Not Available","Other - Public Services",28034530,240,NA,"Other - Public Services",5.48063892334199
"466",28034531,247,"22235.7","Other - Public Services",28034531,247,22235.7,"Other - Public Services",5.50938833662798
"467",28034532,177,"Not Available","Other - Public Services",28034532,177,NA,"Other - Public Services",5.17614973257383
"468",28034533,1521.8,"Not Available","Other - Public Services",28034533,1521.8,NA,"Other - Public Services",7.32764912374242
"469",28034534,263,"Not Available","Other - Public Services",28034534,263,NA,"Other - Public Services",5.57215403217776
"470",28034535,299,"Not Available","Other - Public Services",28034535,299,NA,"Other - Public Services",5.70044357339069
"471",28034536,291,"Not Available","Other - Public Services",28034536,291,NA,"Other - Public Services",5.67332326717149
"472",28034537,1295,"Not Available","Other - Public Services",28034537,1295,NA,"Other - Public Services",7.16626597413364
"473",28034538,410,"Not Available","Other - Public Services",28034538,410,NA,"Other - Public Services",6.01615715969835
"474",28034539,474,"56339.5","Other - Public Services",28034539,474,56339.5,"Other - Public Services",6.16120732169508
"475",28034540,179,"37809.599999999999","Other - Public Services",28034540,179,37809.6,"Other - Public Services",5.18738580584075
"476",28034541,1189,"116153.4","Other - Public Services",28034541,1189,116153.4,"Other - Public Services",7.08086789669078
"477",28034542,461.7,"Not Available","Other - Public Services",28034542,461.7,NA,"Other - Public Services",6.13491532951294
"478",28034543,650,"Not Available","Other - Public Services",28034543,650,NA,"Other - Public Services",6.47697236288968
"479",28034544,870,"93253.2","Office",28034544,870,93253.2,"Office",6.76849321164863
"480",28034545,260,"Not Available","Other - Public Services",28034545,260,NA,"Other - Public Services",5.56068163101553
"481",28034546,1068,"Not Available","Other - Public Services",28034546,1068,NA,"Other - Public Services",6.97354301952014
"482",28034547,146,"13445.7","Other - Public Services",28034547,146,13445.7,"Other - Public Services",4.98360662170834
"483",28034548,166,"Not Available","Other - Public Services",28034548,166,NA,"Other - Public Services",5.11198778835654
"484",28034549,537.9,"Not Available","Other - Public Services",28034549,537.9,NA,"Other - Public Services",6.2876726692792
"485",28034550,154,"Not Available","Other - Public Services",28034550,154,NA,"Other - Public Services",5.03695260241363
"486",28034551,588,"72650.100000000006","Social/Meeting Hall",28034551,588,72650.1,"Social/Meeting Hall",6.37672694789863
"487",28034555,31.4,"Not Available","Other - Public Services",28034555,31.4,NA,"Other - Public Services",3.44680789291421
"488",28034556,31.3,"182895.9","Other - Public Services",28034556,31.3,182895.9,"Other - Public Services",3.44361809754611
"489",28034558,32.4,"Not Available","Other - Public Services",28034558,32.4,NA,"Other - Public Services",3.47815842279828
"490",28034566,32.7,"6168.8","Other - Public Services",28034566,32.7,6168.8,"Other - Public Services",3.48737507790321
"491",28034569,32.6,"Not Available","Other - Public Services",28034569,32.6,NA,"Other - Public Services",3.48431228837266
"492",28034574,32.8,"165864.79999999999","Other - Public Services",28034574,32.8,165864.8,"Other - Public Services",3.4904285153901
"493",28034585,500.1,"Not Available","Library",28034585,500.1,NA,"Library",6.21480807842486
"494",28034586,33.1,"65445.2","Other - Public Services",28034586,33.1,65445.2,"Other - Public Services",3.49953328238302
"495",28034588,32.9,"Not Available","Other - Public Services",28034588,32.9,NA,"Other - Public Services",3.49347265777133
"496",28034590,162,"1947098.7","Drinking Water Treatment & Distribution",28034590,162,1947098.7,"Drinking Water Treatment & Distribution",5.08759633523238
"497",28034594,34.7,"Not Available","Other - Public Services",28034594,34.7,NA,"Other - Public Services",3.54673968695281
"498",28034595,42.9,"61171.3","Wastewater Treatment Plant",28034595,42.9,61171.3,"Wastewater Treatment Plant",3.75887182593397
"499",28034596,2415,"473038.1","Social/Meeting Hall",28034596,2415,473038.1,"Social/Meeting Hall",7.78945456608667
"500",28034605,35.2,"Not Available","Other - Public Services",28034605,35.2,NA,"Other - Public Services",3.56104608260405
"501",28034606,33.7,"175574.39999999999","Other - Public Services",28034606,33.7,175574.4,"Other - Public Services",3.51749783735832
"502",28034608,34.6,"Not Available","Other - Public Services",28034608,34.6,NA,"Other - Public Services",3.54385368206368
"503",28034612,201,"Not Available","Other - Public Services",28034612,201,NA,"Other - Public Services",5.30330490805908
"504",28034615,464,"Not Available","Social/Meeting Hall",28034615,464,NA,"Social/Meeting Hall",6.13988455222626
"505",28034616,612,"232242.4","Other - Public Services",28034616,612,232242.4,"Other - Public Services",6.41673228251233
"506",28034617,33.6,"44699.7","Other - Public Services",28034617,33.6,44699.7,"Other - Public Services",3.51452606696916
"507",28034620,34.2,"Not Available","Other - Public Services",28034620,34.2,NA,"Other - Public Services",3.53222564406856
"508",28034622,34.7,"Not Available","Other - Public Services",28034622,34.7,NA,"Other - Public Services",3.54673968695281
"509",28034623,33.8,"361683.1","Other - Public Services",28034623,33.8,361683.1,"Other - Public Services",3.52046080248897
"510",28034625,2267,"190001.2","Social/Meeting Hall",28034625,2267,190001.2,"Social/Meeting Hall",7.72621265050753
"511",28034626,300,"255409.7","Wastewater Treatment Plant",28034626,300,255409.7,"Wastewater Treatment Plant",5.7037824746562
"512",28034627,2341,"220656.3","Social/Meeting Hall",28034627,2341,220656.3,"Social/Meeting Hall",7.75833346749091
"513",28034628,719,"6227833","Drinking Water Treatment & Distribution",28034628,719,6227833,"Drinking Water Treatment & Distribution",6.57786135772105
"514",28034631,34.1,"Not Available","Other - Public Services",28034631,34.1,NA,"Other - Public Services",3.52929738428947
"515",28034632,34.9,"Not Available","Other - Public Services",28034632,34.9,NA,"Other - Public Services",3.55248682920838
"516",28034634,1109.6,"163511.79999999999","Library",28034634,1109.6,163511.8,"Library",7.01175486900062
"517",28034635,35.1,"58784.4","Other - Public Services",28034635,35.1,58784.4,"Other - Public Services",3.55820113047182
"518",28034636,34,"213856.7","Other - Public Services",28034636,34,213856.7,"Other - Public Services",3.52636052461616
"519",28034637,33.9,"Not Available","Other - Public Services",28034637,33.9,NA,"Other - Public Services",3.5234150143864
"520",28034640,2310,"41517.300000000003","Other - Public Services",28034640,2310,41517.3,"Other - Public Services",7.74500280351584
"521",28034641,34.8,"Not Available","Other - Public Services",28034641,34.8,NA,"Other - Public Services",3.54961738678043
"522",28034642,33.5,"Not Available","Other - Public Services",28034642,33.5,NA,"Other - Public Services",3.51154543883102
"523",28034643,162,"Not Available","Other - Entertainment/Public Assembly",28034643,162,NA,"Other - Entertainment/Public Assembly",5.08759633523238
"524",28034644,213,"Not Available","Social/Meeting Hall",28034644,213,NA,"Social/Meeting Hall",5.36129216570943
"525",28034646,34.3,"4943.8","Other - Public Services",28034646,34.3,4943.8,"Other - Public Services",3.53514535417189
"526",28034647,450,"Not Available","Pre-school/Daycare",28034647,450,NA,"Pre-school/Daycare",6.10924758276437
"527",28034650,34.4,"Not Available","Other - Public Services",28034650,34.4,NA,"Other - Public Services",3.53805656437935
"528",28034653,1129,"287129.3","Other - Public Services",28034653,1129,287129.3,"Other - Public Services",7.02908756414966
"529",28034655,35.3,"47930.7","Other - Public Services",28034655,35.3,47930.7,"Other - Public Services",3.56388296393925
"530",28034656,34.5,"Not Available","Other - Public Services",28034656,34.5,NA,"Other - Public Services",3.54095932403731
"531",28034657,35,"379363.5","Other - Public Services",28034657,35,379363.5,"Other - Public Services",3.55534806148941
"532",28034658,33.4,"14463.1","Other - Public Services",28034658,33.4,14463.1,"Other - Public Services",3.50855589998265
"533",28034659,33.3,"Not Available","Other - Public Services",28034659,33.3,NA,"Other - Public Services",3.5055573969864
"534",28034662,33.2,"30225.1","Other - Public Services",28034662,33.2,30225.1,"Other - Public Services",3.50254987592244
"535",28034663,446,"Not Available","Pre-school/Daycare",28034663,446,NA,"Pre-school/Daycare",6.10031895202006
"536",28034666,909.7,"86831.1","Library",28034666,909.7,86831.1,"Library",6.81311487482802
"537",28034667,618.5,"64103.7","Library",28034667,618.5,64103.7,"Library",6.42729719183254
"538",28034670,592.8,"Not Available","Library",28034670,592.8,NA,"Library",6.38485707398188
"539",28034672,1881,"Not Available","Other - Public Services",28034672,1881,NA,"Other - Public Services",7.53955882930103
"540",28034675,2190,"294983.59999999998","Ice/Curling Rink",28034675,2190,294983.6,"Ice/Curling Rink",7.69165682281055
"541",28034677,35.4,"Not Available","Other - Public Services",28034677,35.4,NA,"Other - Public Services",3.56671182013973
"542",28034682,841.1,"Not Available","Library",28034682,841.1,NA,"Library",6.73471055896839
"543",28034683,1579.4,"Not Available","Other - Lodging/Residential",28034683,1579.4,NA,"Other - Lodging/Residential",7.36480030706348
"544",28034684,186,"Not Available","Other - Entertainment/Public Assembly",28034684,186,NA,"Other - Entertainment/Public Assembly",5.2257466737132
"545",28034685,147,"15223.3","Other - Entertainment/Public Assembly",28034685,147,15223.3,"Other - Entertainment/Public Assembly",4.99043258677874
"546",28034686,35.5,"Not Available","Other - Public Services",28034686,35.5,NA,"Other - Public Services",3.56953269648137
"547",28034689,683,"Not Available","Parking",28034689,683,NA,"Parking",6.52649485957079
"548",28034696,301.7,"Not Available","Other - Public Services",28034696,301.7,NA,"Other - Public Services",5.70943314616501
"549",28034699,69.7,"Not Available","Other - Public Services",28034699,69.7,NA,"Other - Public Services",4.24420031776648
"550",28034701,464.5,"Not Available","Other - Public Services",28034701,464.5,NA,"Other - Public Services",6.14096155825389
"551",28034703,770,"Not Available","Parking",28034703,770,NA,"Parking",6.64639051484773
"552",28034706,32.5,"Not Available","Parking",28034706,32.5,NA,"Parking",3.48124008933569
"553",28034709,334,"Not Available","Pre-school/Daycare",28034709,334,NA,"Pre-school/Daycare",5.8111409929767
"554",28034711,2385.8,"Not Available","Office",28034711,2385.8,NA,"Office",7.77728977684785
"555",28034718,1858,"Not Available","Office",28034718,1858,NA,"Office",7.52725591937378
"556",28034721,30.2,"Not Available","Other - Public Services",28034721,30.2,NA,"Other - Public Services",3.40784192438082
